geneID,geneID,hamming
Cplx1,Cplx1,3.5277777777777777
Slc1a2,Slc1a2,2.1
Cdr1,Cdr1,0.7792207792207793
Pbx1,Pbx1,1.631578947368421
Unc13c,Unc13c,1.21875
Foxd3,Foxd3,1.3
Sfrp5,Sfrp5,4.6
Tspan7,Tspan7,0.32644628099173556
Ptgds,Ptgds,3.6666666666666665
Prokr2,Prokr2,2.5
